Description, ScenarioType, CrimeType, ProsecutorStatement, AttorneyStatement
a,Bail,Burglary,"Doe has a prior misdemeanor conviction for theft from two years ago. Due to the nature of the current charge and previous criminal record, Doe poses a risk of re-offending and flight. He should not be released on bail.","*defendantLastName* has a stable residence, lives locally with family, and is employed part-time. Given Doe’s stable living arrangements, strong family support, and employment status, he will attend all court appearances and poses minimal flight risk. Doe should be released on bail."
b,Bail,Rape,The rape charge is supported by witness statements and medical reports. Doe poses a danger to the community and the complainant if released.,"*defendantLastName* has no prior criminal convictions, maintains steady employment, and has family ties within the community. He does not pose a flight risk. Doe maintains that he is innocent and has cooperated with law enforcement. "
c,Bail,Murder,Doe poses a significant danger to the community due to the violent nature of the alleged crime. We have eyewitness testimony and forensic evidence linking him to the shooting. Doe has a criminal record.,"*defendantLastName* has a minor criminal record, including only one old misdemeanor assault conviction. Doe is employed, has been a long-term local resident, and has supportive family ties. Doe poses no flight risk and he maintains his innocence."
d,Bail,VehicularManslaughter,Doe is a potential danger to the community due to impaired driving behavior. We have blood-alcohol tests and witness statements indicating that Doe is a reckless driver. ,"*defendantLastName* has no prior criminal history, is steadily employed, and has strong family ties in the local community. She has cooperated fully with investigators, and she is willing to surrender her driver's license."
e,Bail,Fraud,We have financial documents and emails that prove the sophisticated nature of the crime. Doe has the resources and knowledge to flee if released. ,"*defendantLastName* has no prior criminal record. She has deep family roots, and she is significant involved in the local community. Therefore, flight risk is minimal. Doe has cooperated fully with investigators, and she is willing to surrender her passport and accept strict monitoring if released."
f,Sentencing,Burglary,"Doe has a criminal history, including a prior conviction for theft. The People request incarceration to deter further criminal behavior. ","Considering *defendantLastName*’s stable employment, community ties, and expression of remorse, the Defense asks for probation or a shorter sentence combined with community service and restitution."
g,Sentencing,Rape,"In light of the severe emotional and physical trauma inflicted on the victim, we urge the court to impose a lengthy prison sentence to safeguard our community and deliver justice.","Considering Mr. *defendantLastName*’s unblemished criminal record, steady employment, and strong family support, we respectfully request a lesser sentence that reflects his potential for rehabilitation."
h,Sentencing,Murder,"The calculated nature of the crime, its severe impact on the victim’s family, and the need to protect public safety justify a life sentence. ",*defendantLastName* expressed remorse. He does not have a significant prior criminal record. Doe’s difficult personal circumstances should also be considered. We request a sentence with the possibility of parole.
i,Sentencing,VehicularManslaughter,"Doe's behaved recklessly, causing devastating loss to the victim's family. A substantial prison sentence is justified as both punishment and deterrent. ",*defendantLastName* expressed genuine remorse. She does not have a prior criminal record. Doe is employed. She is willingness to participate in alcohol rehabilitation programs.
j,Sentencing,Fraud,"Through a breach of trust, Doe inflicted significant financial harm on multiple victims. The People request a prison sentence to deter similar conduct by others. ","Except for this one slip, Doe has an exemplary professional record. She has strong family ties and no prior criminal record. Doe expressed genuine remorse, and she is willingness to make restitution. The Defense asks for probation or minimal incarceration."
